{"cameraMode":{"drawMode":0,"name":"Shaded","section":"Shading Mode"},"sceneLighting":true,"audioPlay":false,"sceneViewState":{"showFog":true,"showMaterialUpdate":true,"showSkybox":true,"showFlares":true,"showImageEffects":true,"showParticleSystems":true,"showVisualEffectGraphs":true,"m_FxEnabled":true},"in2DMode":false,"pivot":{"x":0.09842760860919953,"y":-1.223244309425354,"z":-12.183037757873536},"rotation":{"x":0.026657650247216226,"y":0.04706250876188278,"z":0.001256436575204134,"w":-0.9985353350639343},"size":5.402082920074463,"orthographic":false}